epoch,loss_mean,loss_std
0,108.22641798655192,69.19938205361962
1,45.805244286855064,44.37356995184458
2,4.985860856374105,0.637310610221952
3,4.560640525817871,0.12542976586444146
4,4.337771733601888,0.3623644321127219
5,4.02815949122111,0.40582415879204764
6,3.6997199058532715,0.4243162613351377
7,3.4241359074910482,0.5664985454157698
8,2.987605635325114,0.3518129243926444
9,2.8349599043528237,0.4604728007719776
10,2.6792279879252114,0.5090204177247551
11,2.2765572309494018,0.5448438539789541
12,2.0413495461146036,0.4227647358746801
13,1.8105048418045044,0.6353446733253736
14,1.6979714353879294,0.707018729648549
15,1.572470502058665,0.5030743589936651
16,1.5155067205429078,0.5046748375326998
17,1.1616042241454125,0.4896608248308946
18,0.9943225761254628,0.4468559891720631
19,1.1346371014912924,0.5878326370463399
20,0.9036382645368576,0.41474889735273796
21,0.9648677382618189,1.1785796662245298
22,0.7693277627229691,0.4524144334148058
23,0.6841499239206315,0.29079231687223533
24,0.5249838421742121,0.2865043407663457
25,0.6154896840453148,0.48212070338846136
26,0.5416038359204928,0.25121981175519925
27,0.5536934403081735,0.5483696444989147
28,0.584765334551533,0.4070369408126905
29,0.5241796578591068,0.600473333294887
30,0.480987515548865,0.4772787000803408
31,0.46671894217530885,0.3247548305147306
32,0.8878493487834931,1.1387480444366582
33,0.8310096184412639,0.48749707058365227
34,0.5014049058159192,0.26558068450562294
35,0.38766819089651106,0.3014864872129959
36,0.3351261923710505,0.23956626668378297
37,0.2539513527105252,0.2698406794861354
38,0.2891205867441992,0.24715736871577146
39,0.23699731157782178,0.215110333190322
40,0.20779584869742393,0.20953513664377676
41,0.09827440483495593,0.14334054040443667
42,0.1583900531210626,0.1534163123873452
43,0.10757189408565561,0.12703712154680732
44,0.13787353998050095,0.16217259653721453
45,0.1098503133902947,0.12513693030306533
46,0.1020131631133457,0.1376154406909646
47,0.09448608080468451,0.12396041945388184
48,0.05921502123043562,0.08214071956723809
49,0.0639385473972652,0.10190025749927345
50,0.05155595569134069,0.059632892629481266
51,0.040257703140378,0.05797396557312072
52,0.06411565937002403,0.09137515893114181
53,0.038459584641774805,0.05930199416849893
54,0.05132141609210521,0.06667503823510372
55,0.04642317460772271,0.06895550797208809
56,0.024999265403797228,0.07550561608184143
57,0.03535727306346719,0.06806061194196687
58,0.018274026309760907,0.03159609527739113
59,0.03033612921523551,0.04461226969225886
60,0.03400215651684751,0.05932086339667529
61,0.05234467435754293,0.13051355334496384
62,0.030784716423174055,0.050467161712468046
63,0.0672760555249018,0.11018859690476573
64,0.054690368493417435,0.09519493081175548
65,0.013420820843415034,0.02905958042069124
66,0.02957011031054814,0.08002104577471758
67,0.06889131201120714,0.12077340673600623
68,0.02989140623443139,0.05343113603107775
69,0.08444674502437313,0.10539436302015429
70,0.02505609088887771,0.04211214567800761
71,0.08902769062818455,0.2419872252836642
72,0.4451924945111386,0.7336039420800106
73,0.25570506443618796,0.3050378068035528
74,0.16704971458142,0.20572716088823917
75,0.12391169072167638,0.31524982869707463
76,0.2495301559906996,0.7708129404850677
77,0.48215161136467943,0.48616826838866517
78,0.378045234332482,0.28734795525507284
79,0.1319846876974528,0.153334236638895
80,0.059434643217052024,0.08598732155881313
0,5.965216414133708,2.2138862046047065
1,4.660833009084066,0.08888157151018687
2,4.6894705136617025,0.02839597251773278
3,4.679005940755208,0.03655207221598394
4,4.667856470743815,0.05723368027579617
5,4.661674563090006,0.034384739433611776
6,4.661192099253337,0.06494039221401801
7,4.653676573435465,0.050405805148865494
8,4.636572043100993,0.05440290486702508
9,4.6365992546081545,0.05555075639856095
10,4.629540570576986,0.057860828690429675
11,4.617140261332194,0.06807901196978969
12,4.615512879689534,0.05751642736291696
13,4.604122734069824,0.046009419002813266
14,4.588293234507243,0.05529896731315114
15,4.574421056111654,0.05823123442188178
16,4.5164433797200525,0.09841163535330288
17,4.446644560496012,0.19903855299290105
18,4.42508929570516,0.14501956973963015
19,4.291252867380778,0.2539425787261367
20,4.305828825632731,0.32689376389064567
21,4.247466882069905,0.29904038176388564
22,4.058619165420533,0.3050280893194116
23,4.1579277833302815,0.2906322760043688
24,4.1144006729125975,0.2375056284505896
25,3.9642831325531005,0.3194898153520842
26,3.881499163309733,0.40974719415445227
27,3.9532718817392984,0.27406228394994847
28,3.7571261564890546,0.5407150768441279
29,3.705402660369873,0.3524456268235993
30,3.7289669195810955,0.20869115513631728
31,3.8116464614868164,0.3304648292477748
32,3.756948232650757,0.4940994422077201
33,3.5882163365681965,0.223115669041609
34,3.6027191162109373,0.3288488645326119
35,3.5386226177215576,0.29996884990016337
36,3.4076717535654706,0.3269772232593167
37,3.4285499731699627,0.4288950960445376
38,3.298130496342977,0.4271620967094705
39,3.2627859274546305,0.38956664750876085
40,3.2088317553202312,0.2673626612686327
41,3.354714870452881,0.4325941174452529
42,3.2387338479359946,0.41668258722428236
43,3.310126717885335,0.39690652619251565
44,3.148909076054891,0.40127436763735963
45,3.1521453857421875,0.3990106443541159
46,3.130182631810506,0.29369362947403577
47,3.0777438322703046,0.38111788616143744
48,3.201944430669149,0.6011531685490309
49,3.122591161727905,0.33204577123348883
50,2.9817126909891765,0.23863855981505627
51,3.1473730405171714,0.40213995313017237
52,2.8775833288828534,0.29360541835287046
53,2.866053072611491,0.34822298310918615
54,2.959950002034505,0.3865210526263314
55,2.727191114425659,0.3361454632177689
56,3.0687616507212323,0.5398244165282854
57,2.964350382486979,0.2901355138478392
58,2.69701460202535,0.3005727356133825
59,2.908462397257487,0.396691819451409
60,2.9071447690327963,0.3489053029574873
61,2.850317200024923,0.45622901121531695
62,2.777170165379842,0.6488714683089721
63,3.0136449654897053,0.40426180927747907
64,2.7980997721354166,0.3040401434453185
65,2.679097278912862,0.3743820643728678
66,2.814813661575317,0.3286444440668457
67,2.7344233194986978,0.6443735323926131
68,2.7803412437438966,0.5254384965088753
69,2.5047979513804117,0.3420648179370664
70,2.662806995709737,0.406412368664134
71,2.46201270421346,0.37006094928038064
72,2.6543142000834146,0.3275446255187653
73,2.612905915578206,0.34496690679393527
74,2.6755234162012735,0.4910745541819957
75,2.4336111068725588,0.2921916317808098
76,2.503715435663859,0.4607953924704344
77,2.6142641862233478,0.3719537871474054
78,2.6052269379297894,0.5063831109334951
79,2.3419525623321533,0.3863228722911346
80,2.7526602427164715,0.4676066077459974
81,2.600195535024007,0.44742206153064035
82,2.5009239037831623,0.6524556342625711
83,2.243864059448242,0.42852404550527856
84,2.3705971399943033,0.5277078796157738
85,2.424837668736776,0.5478799661711979
86,2.433282995223999,0.33435961155115773
87,2.250358788172404,0.3612585054828483
88,2.3912566820780436,0.549655632663752
89,2.4713155110677083,0.4966693746407759
90,2.3651357094446817,0.3782515813204876
91,2.1099178075790403,0.4283623711463618
92,2.293118373552958,0.603491490974874
93,2.362597902615865,0.41457898747071764
94,2.3644304354985555,0.4652225907432142
95,2.2617339769999187,0.352443269484122
96,2.433844478925069,0.5253630354601327
97,2.407556494077047,0.4302922872299304
98,2.0678253809611005,0.33889036337959233
99,2.208030875523885,0.4481043793397307
100,2.3515749613444012,0.401845553484053
101,2.3364067475001016,0.37631076431435545
102,2.1856950759887694,0.46867341529896667
103,2.218372424443563,0.44518534396750226
104,2.139786156018575,0.5368276913448294
105,2.273433816432953,0.6798900620072382
106,2.160410483678182,0.3136711557661245
107,2.157303961118062,0.6291528879847659
108,2.1224619150161743,0.5868556686874151
109,1.9304540872573852,0.3435818638223253
110,2.2027901649475097,0.4569728607849535
111,2.3743483543396,0.5495631586119073
112,2.123141082127889,0.4105963249523035
113,2.247538145383199,0.5184808611383952
114,2.2962560812632242,0.4231887920621409
115,2.1123785018920898,0.23616779253797868
116,2.235983467102051,0.5902576199625088
117,2.098304192225138,0.3865212568662493
118,1.990690016746521,0.37646794325290933
119,2.27178426583608,0.4000292426778981
120,2.1721364418665567,0.5337925687021932
121,2.1321614901224772,0.5398695676545587
122,2.054373772939046,0.32955780214151237
123,2.0233821471532187,0.5178827970253309
124,2.037738053003947,0.3144793040791193
125,2.172731328010559,0.4870301691779571
126,2.062085016568502,0.41915681738474225
127,2.1084208408991496,0.3748484176737224
128,1.9813374360402425,0.45703796121411816
129,2.1353137493133545,0.4701939844816168
130,1.9855655233065288,0.48173620747483853
131,2.005475417772929,0.44816541834532275
132,2.010416316986084,0.5661195760423313
133,2.0252148628234865,0.41706060091060787
134,2.0961727857589723,0.5013290127169222
135,2.044419463475545,0.43571464645083186
136,1.9784269730250041,0.4412431800633723
137,1.987764012813568,0.5248850960058371
138,2.150539827346802,0.3793369876807531
139,2.0569926341374716,0.46772671383028286
140,2.119256607691447,0.514429082778612
141,1.87314293384552,0.41292179350501823
142,1.7741012652715047,0.3712276089471264
143,2.0512736241022744,0.6353844893833281
144,1.8515377759933471,0.36051470658876295
145,1.9680341720581054,0.4377382767801864
146,2.0040904601414997,0.4885483725300403
147,2.076296639442444,0.4363258916427675
148,1.761955706278483,0.3822374362818454
149,1.8674706141153972,0.43654857542075975
150,1.9484849294026694,0.4740024797200934
151,1.8861284732818604,0.306811507784308
152,1.9933153470357259,0.41293786630734197
153,1.8828556934992473,0.5165518640100065
154,2.2358803590138754,0.5054408204005268
155,1.9035611391067504,0.41553532187762326
156,1.6904379288355509,0.3152068507875443
157,1.9578626076380412,0.36507676807026196
158,2.203333266576131,0.7200602560539193
159,1.7856828610102335,0.3663359441783343
160,1.6578868707021077,0.43368757036892086
161,2.0732451915740966,0.5585377899899833
162,1.8789760748545328,0.43303107928421675
163,1.9881225188573202,0.49728486498598123
164,2.156503955523173,0.4597682480717956
0,1.6099409818649293,0.5149348237353517
1,1.4463043014208476,0.4778477588652119
2,2.0316970984141034,0.7048912311551389
3,1.6753015279769898,0.3798170254285488
4,1.4489686091740925,0.49110692463659134
5,1.6622748692830405,0.5781280540627443
6,1.527262701590856,0.5157968593510898
7,1.3639921347300212,0.39258377904059943
8,1.5701023896535238,0.56874870737921
9,1.5183403690656025,0.5129000748112302
10,1.4218139847119649,0.5097731613012467
11,1.4035741964975992,0.4181053926283424
12,1.3528659780820211,0.5805558001810458
13,1.404670254389445,0.46017221684427373
14,1.3762620568275452,0.38187250256777416
15,1.282020660241445,0.31944614442000485
16,1.4663062691688538,0.644545780181686
17,1.5433824419975282,0.49953898589801743
18,1.5383342822392783,0.3345210737329098
19,1.2370150089263916,0.30407312423142435
20,1.4585492928822836,0.4875839676397492
21,1.4390365123748778,0.3565178451595647
22,1.3488688826560975,0.41641039317724327
23,1.1729705254236857,0.27309635036785673
24,1.215990916887919,0.31675110637936527
25,1.2413233041763305,0.4299338191844777
26,1.3094063719113669,0.37992253052135344
27,1.286098066965739,0.5009650309297172
28,1.0489086925983429,0.510647014161659
29,1.1972737967967988,0.5112962558894029
30,1.4010813275973002,0.6570321451830817
31,1.1501298586527506,0.4290694503791241
32,1.1453033665815988,0.3543925965493347
33,1.254508243004481,0.4832008933747818
34,1.3740722258885703,0.5432706642062557
35,1.2371112088362375,0.531448993661427
36,1.241190989812215,0.4727216711035014
37,0.9590490539868672,0.30903940527084606
38,1.3085564215977987,0.49422934795253554
39,1.3011310299237568,0.390544619476685
40,1.411065646012624,0.34273956227005936
41,1.3231767177581788,0.5132821692310123
42,1.1928060074647269,0.42212866885525285
43,1.2907566626866658,0.3308005502566995
44,1.2310990611712138,0.31556961141668277
0,0.27302131553490955,0.15087233428355393
1,0.2149813755725821,0.11608459671839928
2,0.11804669294506312,0.0876599468703647
3,0.15092200540627043,0.13739486156653294
4,0.10832778153320154,0.11350523565592344
5,0.12438072351117929,0.09274036376688798
6,0.14913199701501678,0.19808504852937195
7,0.1398041470364357,0.15794194364719064
8,0.12928156677323083,0.13142433273070897
9,0.1498544292752437,0.16949166524792467
10,0.2725903226683537,0.2679847646596649
11,0.23804408336679142,0.24836631404913542
12,0.2516679265846809,0.5765715437523613
13,0.1392907977104187,0.17840610231617976
14,0.108583614975214,0.08235452508940722
15,0.10712061254307628,0.10846851931313975
16,0.07620908046762148,0.06195633033734436
17,0.07337722548594078,0.07855971799529207
18,0.09743729879458746,0.17115881994254142
19,0.11940558006366093,0.1591672253744336
20,0.13047428916518886,0.1206265616424668
21,0.08261901531368494,0.16294447098745457
22,0.09466061191633343,0.10190874036846886
23,0.045762784833398955,0.0466564757454923
24,0.03980696877697483,0.049537998922683214
25,0.0731379177964603,0.0945476189951802
26,0.11037920167048772,0.1172888268909649
27,0.16263038073666394,0.30955344189278644
28,0.32577103612323605,0.34210147131931246
29,0.20913078035130941,0.30696960472617857
30,0.14261858444660902,0.16316606158979347
31,0.13257555244490504,0.282877411820408
32,0.08367638397030533,0.13245632330277912
33,0.06161123424147566,0.08041570553824717
34,0.06519925159712632,0.10414737130052347
35,0.03681811240191261,0.07313336051049053
36,0.015084293360511461,0.012374241625474701
37,0.01525004474290957,0.01596677324862074
38,0.05475514459734162,0.15381270588492055
39,0.2558166366070509,0.5493565919024981
40,0.09047145129491886,0.07173006511389153
41,0.06213624339240293,0.06790105598255171
42,0.06074517877229179,0.10959469789622074
43,0.08323154009801025,0.14196312048581933
44,0.10250571363139897,0.23217558834346677
45,0.14606569933821448,0.3881435165650571
46,0.10621334746635208,0.1510953511256161
47,0.1263317013741471,0.2783630071911786
48,0.07561440183781087,0.1463290221586736
49,0.05452050271754463,0.068065385736344
50,0.03862385684236263,0.06306764477464569
51,0.05295879701928546,0.04507455251988858
52,0.03775764994400864,0.07376215305117453
53,0.03375670784977653,0.051970233290060557
54,0.0590629784273915,0.14701259545346407
55,0.026477637574619923,0.03238756115631687
56,0.060883780142952065,0.11526119496175902
57,0.049894298416135525,0.10845934720800056
58,0.03640606364351697,0.07270275483979435
59,0.06005728581609825,0.12998829082846716
60,0.08783026960300049,0.17719497221686936
61,0.048047835216857494,0.06334376429109861
62,0.12323813688320419,0.3059385315375924
63,0.20644345845406253,0.34159867442498676
64,0.15448538276638527,0.21060260732816946
65,0.04312888808005179,0.03949581478512597
66,0.03960007231216878,0.05213641232451999
67,0.025303545241088916,0.03166190762788137
68,0.0783290773028663,0.1349196806293468
69,0.11757042051758618,0.3532661852443304
70,0.023431762602801123,0.04395737354569509
71,0.049497557058445336,0.07480874995549555
72,0.0050419382991094604,0.005208680313784047
73,0.03578728240245255,0.07171875963987213
74,0.02259593766066246,0.0585647059133879
75,0.01947558502239796,0.03908799627391182
76,0.013538588513620197,0.02296539116359863
77,0.0280760551977437,0.05201106940214488
78,0.009317272406769916,0.011792436593334668
79,0.031815200992665875,0.07596715041519297
80,0.01965089975953257,0.050646205973455254
81,0.012654673259627694,0.017173644393034024
82,0.019968003520625645,0.03212198133027325
83,0.007769469115495061,0.016264912549492715
84,0.022932189361502726,0.04846136997271123
85,0.0068659691528106725,0.010105004931595652
86,0.018934023279386262,0.040404799330857624
87,0.009241424103432412,0.01756468562992483
88,0.011801920105608588,0.01405190924711843
89,0.0668595653536613,0.219715505817397
90,0.015942399642275024,0.02485241430732932
91,0.006910062863122827,0.011323613466573535
92,0.008831926081620622,0.01954798450260606
93,0.0068290039450706295,0.006037335889435882
94,0.0062558753007275906,0.013209757878941452
0,7.362320772806803,3.2833440207277187
1,4.654185390472412,0.20035608391278545
2,4.570529301961263,0.08956402907129395
3,4.517959944407145,0.1416001410496324
4,4.556911245981852,0.30198498853096917
5,4.553725751241048,0.0692765085343068
6,4.565310160319011,0.09941126211163796
7,4.4683534622192385,0.124613512808325
8,4.549610741933187,0.0888282804897818
9,4.506485144297282,0.12545143251542804
10,4.392602761586507,0.1900933091958121
11,4.19108018875122,0.2282457031171962
12,4.144331264495849,0.25977345153448644
13,4.0853315671285,0.28416420797357395
14,4.008782132466634,0.21592123478065783
15,3.7993672529856366,0.23992335059211534
16,3.77355162302653,0.5062302654159366
17,3.8390027046203614,0.3467509337564533
18,3.7122499624888103,0.3546893081958001
19,3.5063207467397053,0.2625976573048187
20,3.6052774747212726,0.3513365523403071
21,3.4993884245554607,0.36603102550467015
22,3.44866886138916,0.2715534603845786
23,3.2005342642466226,0.4462232717292168
24,3.3601373036702475,0.22292843555186279
25,3.080215883255005,0.41922044677274645
26,3.204362392425537,0.3281448269557732
27,3.154839054743449,0.3726942201736676
28,3.142506726582845,0.6583767488023705
29,3.095762316385905,0.473670819147287
30,2.9783909797668455,0.4096980982827808
31,2.9412779331207277,0.4529044869743544
32,2.911988925933838,0.3636708494260639
33,3.060666481653849,0.48502327788612726
34,3.05889622370402,0.2721540305296497
35,2.8405808925628664,0.42216968586011205
36,3.076033624013265,0.43735601103217303
37,2.9581942717234293,0.43543861447791166
38,2.9422720750172933,0.6053334191307317
39,2.8574066956837973,0.40159521329178055
40,3.0191245396931965,0.29372874028116713
41,2.9069106260935467,0.47490206421642234
42,2.807612689336141,0.3622466629559663
43,2.7880722363789876,0.38372887358096264
44,2.78901637395223,0.5603820963527623
45,2.821278206507365,0.362787608867858
46,2.846057899792989,0.5752656828961091
47,2.564608915646871,0.46746104895287505
48,2.745411229133606,0.5656635801575882
49,2.8288141091664634,0.42660879415431313
50,2.7203017552693685,0.43533777170126603
51,2.723902622858683,0.4208144183201125
52,2.567785882949829,0.39453411735009336
53,2.583270708719889,0.47479693603866546
54,2.639218282699585,0.3698758708060659
55,2.592706839243571,0.37705453794922267
56,2.7523401260375975,0.47483405643308957
57,2.659382398923238,0.5416553680837484
58,2.580415066083272,0.44244879201531295
59,2.493040116628011,0.4214407101256238
60,2.40890318552653,0.47485966381745415
61,2.4830085674921674,0.5247194429750064
62,2.5440397183100383,0.5248747200235122
63,2.7235705773035686,0.5374863164161425
64,2.4228535095850625,0.34918912723445994
65,2.510780390103658,0.4257644257530915
66,2.406508429845174,0.5364537983932296
67,2.6090947866439818,0.4270389016633919
68,2.4719273249308267,0.42066253615172927
69,2.331587473551432,0.28560253759325493
70,2.510590664545695,0.278253592503795
71,2.2099897861480713,0.5534209992812564
72,2.385531465212504,0.41895866309875807
73,2.646102960904439,0.5688316188206749
74,2.681229607264201,0.5565748177942308
75,2.500504493713379,0.4349224340316662
76,2.3000929991404218,0.4519068924079366
77,2.510101795196533,0.41796430732711637
78,2.3254537026087445,0.3920514925015751
79,2.4790876150131225,0.7550596324023712
80,2.4929675658543906,0.4641273099773425
81,2.403110726674398,0.4533725927742674
82,2.5346666971842446,0.9278871373644006
83,2.3966665188471477,0.4843306417885044
84,2.3579410711924234,0.4175385197910227
85,2.3690740346908568,0.6014301225317537
86,2.3781664768854776,0.5766742283583283
87,2.5117358922958375,0.4046188959042495
88,2.3223064661026003,0.6660968874533352
89,2.216414213180542,0.3431180775843143
90,2.1207427660624187,0.5145422233816221
91,2.4062294165293374,0.4389485748054603
92,2.159224192301432,0.30808929160787674
93,2.2995661735534667,0.6123774258429108
94,2.3784266233444216,0.5600588278210384
95,2.188647174835205,0.583822386242605
96,2.2590179363886516,0.36931504422825673
97,2.402684712409973,0.5577141835110093
98,2.176409427324931,0.5224573038238406
99,2.293283955256144,0.3784021359830154
100,2.549273451169332,0.5339101845477108
101,2.296595025062561,0.5932230853886779
102,2.3408599297205606,0.31184642077994357
103,2.2218764305114744,0.4090594392666902
104,1.9937520106633504,0.5422917549412766
105,2.2088030854860943,0.7002793447561892
106,2.2267356713612876,1.0512335555129733
107,2.2186190128326415,0.3569602706094531
108,2.153981312115987,0.43285872473723164
109,2.1203435182571413,0.5313177779334126
110,2.045154007275899,0.6934324996511364
111,2.3301332235336303,0.5181076799395525
112,2.352660568555196,0.6308887230448307
113,2.374944869677226,0.49287185077789214
114,2.6871032158533734,0.5979961550011309
115,2.2641485929489136,0.46351001530459107
116,2.1613262335459393,0.3670034255848783
117,2.032842508951823,0.5472396223003748
118,2.0526967525482176,0.37984464999577733
119,2.0131557544072467,0.39570074557259344
120,2.223366459210714,0.43182484039637836
121,2.113326096534729,0.41874314090310616
122,2.401000157992045,0.3728811113621972
123,2.1713712135950725,0.7177064924262649
124,2.0577012379964192,0.35294514150281314
125,2.1599403937657673,0.5350936708226355
126,2.130091404914856,0.4879755533287546
127,2.1835714260737102,0.4867916863886608
128,2.2483234882354735,0.8034269031763098
129,2.184635535875956,0.5404732265368732
130,2.0206632216771445,0.3126055252966473
131,2.0607674598693846,0.5522851796661176
132,2.164257041613261,0.6687829001303233
133,2.003453000386556,0.5452967606493266
134,1.9885025819142659,0.31449467312182444
135,2.1055065234502157,0.4217782492371498
136,2.1405269622802736,0.4956243804307594
137,2.1986850102742515,0.6012202458305191
138,2.310192362467448,0.4144381602263886
139,2.2268236955006917,0.7747931387053122
140,2.100257666905721,0.3280347483012115
141,1.8729409416516622,0.45936495125642957
142,1.9260128021240235,0.5197827667550249
143,2.0808963855107625,0.5099259935306854
144,1.7781678120295206,0.4198207071712536
145,2.140741999944051,0.5626931072549807
146,2.1142614603042604,0.4844419654129514
147,2.0349828402201333,0.5643872982413458
148,1.9050682226816813,0.5120361960981358
149,2.0389135122299193,0.461704838785478
150,2.323200535774231,0.583669498725669
151,1.8298372507095337,0.2621991469794051
152,2.0173357725143433,0.3325051064232298
153,2.131552227338155,0.6568547779861198
154,2.2378307422002157,0.44987174190600027
155,1.9916707754135132,0.393541372709272
156,1.709860134124756,0.2830563200378237
157,2.130211273829142,0.4422049269207241
158,2.3755675236384075,0.8737689130197275
159,1.885526700814565,0.559799002733063
160,1.776364835103353,0.4694475050516594
161,2.1249030351638796,0.41452119018725075
162,2.061610285441081,0.7551309579282081
163,2.464080039660136,0.5455082043356527
164,2.0353266398111978,0.4359374407217128
165,2.012851619720459,0.5956869271542827
166,1.998812977472941,0.5308379193734876
167,1.9760399341583252,0.6587943796501562
168,1.9265658299128214,0.4983654442254551
169,1.8564520120620727,0.34278132564004965
170,2.140987992286682,0.46410919528695005
171,1.9732214530309042,0.5592350280171602
172,1.9178759614626566,0.5788750377846491
173,1.7763771931330363,0.5487522153387685
174,1.7329499165217082,0.38801471182589525
175,2.1384353319803875,0.6718536659864413
176,2.1926048755645753,0.5377982348807742
177,1.9098847309748332,0.47370156062478014
178,1.8084530433019002,0.5656177473393713
179,2.174268293380737,0.4335198216639217
180,1.8637364784876504,0.44688480397600855
0,1.685184653600057,0.4319696587496837
1,1.4138628164927165,0.35732655591353546
2,1.8050175905227661,0.42339103074365875
3,1.63659325838089,0.4233793789382757
4,1.4949494481086731,0.6153405044148271
5,1.6110061526298523,0.37005329351751975
6,1.6133341987927754,0.582034018995571
7,1.4713400959968568,0.5420701529631871
8,1.6594182054201763,0.7122816511984777
9,1.4110495805740357,0.5402380864499011
10,1.3938938975334167,0.5709373592728925
11,1.3314468781153361,0.49579898928554006
12,1.3953789969285328,0.5753461904152358
13,1.5811641772588094,0.9159723058158616
14,1.3633431474367776,0.39927470884429955
15,1.5269644935925801,0.5501293894180989
16,1.4611134648323059,0.5000939986231353
17,1.5879363656044005,0.5144108113826772
18,1.456011668841044,0.37630123384321146
19,1.321081018447876,0.447857723743973
20,1.5321438630421957,0.39141614595543955
21,1.18535365263621,0.5772562096946487
22,1.25477268298467,0.43211059136064994
23,1.1900794823964438,0.3737184362596669
24,1.3298499186833699,0.41613385762469507
25,1.0512711038192113,0.4837302455104904
26,1.2540960669517518,0.3053448706657255
27,1.221862357854843,0.5022238057558521
28,1.0140811582406362,0.3768084253478658
29,1.3369720578193665,0.5080038621369548
30,1.1598821043968202,0.3588373518504421
31,1.3639554262161255,0.6105973079763737
32,1.2370811263720194,0.3206095424202108
33,1.3630844036738077,0.3718191403367337
34,1.4196158210436503,0.5232427950330214
35,1.42383261124293,0.3740718918129099
36,1.217425791422526,0.3876237466149772
37,1.0694154063860575,0.4448224760310849
38,1.3793197135130564,0.5604474903660348
39,1.4300065954526266,0.43017251518811617
40,1.2620526353518169,0.48450742194179075
41,1.1940079351266226,0.606005689125543
42,1.255286173025767,0.40911652449770985
43,1.278032867113749,0.5025046350448875
44,1.1349564433097838,0.5292205189050022
45,1.199224129319191,0.45201218553139433
46,1.2702051043510436,0.45807721693282544
47,1.3260004957516989,0.4720994859192098
48,1.1801774581273397,0.4186986897460061
49,1.3316905498504639,0.4696892058582542
50,1.2931938886642456,0.42682621829931855
51,1.3214637875556945,0.5086234490261144
52,1.161211939652761,0.3751206730370879
53,1.163813163836797,0.6532395965174987
54,1.5509893616040549,0.38140833678898417
55,1.167091033856074,0.4507469454218953
56,1.1819658915201823,0.35766390329834424
57,1.1657267312208812,0.3033438398797976
58,1.1334548811117808,0.4398644730065024
59,1.1291441053152085,0.3588825340717583
60,1.1362370749314625,0.35840333681856595
61,1.397477142016093,0.4043699188983529
62,1.3604175209999085,0.49474511427374523
63,1.2206446727116902,0.4148653083732961
64,1.228886013229688,0.5181501488582423
65,1.3078148365020752,0.4723995234389365
66,1.1385791858037313,0.4601354927340582
67,1.1523255348205566,0.4470175437618342
68,1.1244665026664733,0.416068004439605
69,0.9776198625564575,0.35153211226085884
70,1.2142750064531962,0.40448400045969146
71,1.0808809638023376,0.3135298187422851
72,1.1292447984218597,0.3918738570397011
73,1.2777490099271138,0.3342579734597801
74,1.2587679704030355,0.39913818337896784
75,1.064163366953532,0.3516215962337519
76,0.9148901124795278,0.4327091536433086
77,1.3506619334220886,0.45980308823523547
78,1.1475926280021667,0.3529215579072051
79,1.2092129826545714,0.5182368949546803
80,1.1078620130817096,0.5246884932997173
81,1.2690418044726053,0.4370395725873653
82,1.1291311760743459,0.46032213538521133
83,1.059294056892395,0.5177694915679076
84,1.1091191093126933,0.38870691632074456
85,1.260224461555481,0.45017590989101225
86,1.2716850201288858,0.5208210533424646
87,1.0977487961451213,0.3335716558074466
88,1.097713589668274,0.5174744228671448
89,1.1599518418312074,0.25664348410115345
90,0.9861365834871928,0.4504267243319887
91,1.222731856505076,0.38865983768604223
92,1.0726024568080903,0.38048939067212084
93,1.246549872557322,0.5738477096645148
94,1.2347754498322805,0.5904210900659835
95,1.0550814847151437,0.37972053295144637
96,1.2046040415763855,0.3192860555823771
97,1.2371917128562928,0.3526611125816991
98,1.0888026664654413,0.4897540257558948
99,1.0629176437854766,0.46102168210603073
100,1.1141168276468914,0.33456829694888574
101,1.1407378236452739,0.47432920591851635
102,1.1863432963689169,0.34417396139434364
103,1.322558097044627,0.515450183735342
104,1.0380414009094239,0.4737223206615196
105,1.0908254285653431,0.5268984410577437
106,1.0373562196890513,0.35310205190316946
107,1.1126813113689422,0.5061544737178288
108,1.092696229616801,0.4350640798869904
109,1.1485456228256226,0.45014546446276016
110,1.101245770851771,0.47177974367367664
111,1.300027815500895,0.3341233011325987
112,1.04264741341273,0.47161349560722904
113,1.3155781348546347,0.4485636047851716
114,1.3443164785703023,0.4657587840561181
115,1.1298118591308595,0.2611088991842196
116,1.1111154198646545,0.4168100078422449
117,0.9148648157715797,0.5631496353390459
118,0.9720687150955201,0.27227293100978933
119,0.83755095799764,0.45186049520647764
120,1.0588185727596282,0.49372359452216263
121,1.0653486887613932,0.30449150362162797
122,1.1556097984313964,0.5258687670326465
123,0.7975946187973022,0.33887073893214387
124,1.1407411495844524,0.3652861997338118
125,1.2008100271224975,0.4438824132870265
126,0.9981421122948329,0.5395521217757738
127,1.3337816973527272,0.5248966370867955
128,1.1306373675664265,0.4256480370088529
129,1.1518036087354024,0.31692207304106773
130,1.02599995136261,0.3521250061918566
131,1.1863176296154658,0.47361622715353097
132,1.2867487907409667,0.804477793603143
133,0.9193521698315938,0.3957725738409373
134,1.0500625054041544,0.4935435656935591
135,1.1217018942038217,0.4885836302007847
136,1.086213215192159,0.4564205354760749
137,0.9607315679391225,0.32272065718276005
138,1.3089008649190268,0.6590846473475365
139,1.001969007651011,0.597339004693623
140,0.8837923228740692,0.23563416715176838
141,0.8732711044450601,0.4938116476820738
142,0.7181003456314404,0.34085063650010367
143,1.0281444370746613,0.3671309699993342
144,0.6964114358027776,0.3580312112956507
145,0.9235472023487091,0.453584138687949
146,0.8459596415360768,0.32604866989803516
147,0.9110915263493856,0.5432161527343132
148,0.8552180429299673,0.3969910009415055
149,0.9363358894983927,0.34711384893891717
150,0.9881162087122599,0.40650276600813245
151,0.8577990790208181,0.39714601334599925
152,1.086079994837443,0.3799660394528835
153,1.0566553632418314,0.538956464442264
154,1.1103458364804586,0.46132879508225844
155,0.8888667238255342,0.42051365041305255
156,0.84826646844546,0.45746711238228965
157,1.0014775047699611,0.522942468322066
158,1.0813820004463195,0.4167666956073253
159,0.8651032735904057,0.37494327493340424
160,0.9156005342801412,0.4936381843408798
161,0.9748393734296162,0.26546222013002646
162,0.9003550191720326,0.4485749136053755
163,0.9659925023714702,0.3403385808581132
0,1.242560867468516,0.5764591714805636
1,1.0025164047876993,0.348501607111217
2,1.0940015236536662,0.37059860792622373
3,1.0522447764873504,0.46926394386483794
4,0.8950038552284241,0.45866933695181483
5,1.071990140279134,0.38726873857940497
6,0.9808048109213511,0.494132834140071
7,0.7928648789723715,0.282953683249307
8,1.092272933324178,0.5513211082107272
9,0.954780105749766,0.3304611817848962
10,0.7541462202866872,0.38983588515541073
11,0.873299221197764,0.6251660132659927
12,0.8020049611727397,0.44594361043593994
13,1.1191031217575074,0.5871412099096774
14,0.899371870358785,0.29439932059751955
15,0.9134270399808884,0.5762487675846686
16,0.908232107758522,0.4246526815194688
17,1.0878599286079407,0.4023944536337306
18,1.021938935915629,0.5434904850222485
19,0.801051155726115,0.24686070121939846
20,0.8644669632116954,0.4776134603405903
21,0.9019223541021347,0.6036475360407325
22,0.9522295077641805,0.37373937927332335
23,0.6660031725962957,0.22896160352441802
24,0.948489373922348,0.395954174959922
25,0.8261329094568889,0.3439690239788283
26,0.8653352081775665,0.2992327319780872
27,0.8523497680823008,0.49583465633560986
28,0.7098349779844284,0.39327365373122053
29,0.7946594551205635,0.40337377799773216
30,0.8527190605799357,0.3837690075532618
31,0.853909703095754,0.40426246964652235
32,0.7081760088602702,0.24592309815268637
33,0.7949483315149943,0.5238521403550767
34,0.7294263035058975,0.4233320463822559
35,0.8412673314412434,0.48112838641448785
36,0.847380617260933,0.3626265731600539
37,0.765735250711441,0.3428295295181567
38,0.7243449489275614,0.2792896657394013
39,0.6910161137580871,0.33017043336999796
40,0.85659734805425,0.3949149167472784
41,0.7036046087741852,0.3365184918179283
42,0.7146171152591705,0.2043926127536153
43,0.6458446045716604,0.40586169857642185
44,0.7815237472454707,0.3647130684511124
45,0.7487335244814555,0.29828599457785565
46,0.7649481107791265,0.43078635843933183
47,0.7984669705231985,0.4008654389106133
48,0.7343834350506465,0.4020360405616019
49,0.8421338399251302,0.4184917892205407
50,0.7302370329697927,0.45590773277294805
51,0.7338462387522061,0.5195725301616225
52,0.6253286629915238,0.3536944722325584
53,0.6799486895402272,0.3158372764523965
54,0.8651374538739522,0.3971631129385326
55,0.7052684605121613,0.24579933430216153
56,0.7059845993916194,0.45685340949943426
57,0.5482030577957631,0.24829288374082154
58,0.4944776410857836,0.335976178699583
59,0.5766977528731029,0.33648461946475156
60,0.4414453774690628,0.19099139957006395
61,0.7350740144650142,0.3307610425041073
62,0.5973679790894191,0.31152912580337183
63,0.7154725114504497,0.350258469115149
64,0.5787823875745137,0.22312834626031025
65,0.836370450258255,0.3804044393115966
66,0.5735250602165858,0.2471399032393953
67,0.5789545059204102,0.3575092892432404
68,0.5731042777498563,0.20527630738547192
69,0.4932587246100108,0.32076692075938007
70,0.6707499206066132,0.3766617749377142
71,0.5719900399446487,0.25327698956528316
72,0.6620973924795787,0.27481202276535593
73,0.7233766804138819,0.38744573466185855
74,0.6020273387432098,0.2826643241932788
75,0.6087891737620036,0.24982467689100277
76,0.5178616723666588,0.304149131858223
77,0.7487295468648275,0.43141281295853723
78,0.4667396331826846,0.24633606129119087
79,0.6866877963145573,0.43473845761146296
80,0.6685909435153008,0.33701257321037875
81,0.6600446432828904,0.48588836012503356
82,0.711601360142231,0.438952970706747
83,0.5412301079680523,0.2947724027172322
84,0.6988189180692037,0.22870834993506334
85,0.7092440088589986,0.4736104009640459
86,0.5467422405878702,0.26820648302427563
87,0.5726213822762172,0.24357305857739647
88,0.5970880071322123,0.3631164611837019
89,0.6247401972611745,0.18405494882444448
90,0.5541193902492523,0.15997155625399928
91,0.6496864378452301,0.23118668323872715
92,0.4854918384303649,0.28798436753636975
93,0.5665516565243404,0.3738957383368616
94,0.6469827920198441,0.42666026890620534
95,0.6083434303601583,0.29256156995845417
96,0.6533794874946276,0.38503625091908117
97,0.6373818596204122,0.24787142638305426
98,0.5122507810592651,0.2814386557642634
99,0.5621418923139572,0.19937373755697663
100,0.5490059266487758,0.20191900913802585
101,0.47034038603305817,0.2299161037736907
102,0.5741168290376664,0.3554394778469264
103,0.7465907245874405,0.670613218397191
104,0.5085900977253914,0.2888115553637875
105,0.5693546927223603,0.36973699986816216
106,0.6155492126941681,0.3553050555781112
107,0.46786070863405865,0.22886019117295905
108,0.6551341861486435,0.33979645626186844
109,0.5516393457849821,0.34864241439031884
110,0.5391545176506043,0.38437699306298834
111,0.6637590209643046,0.23383759769955875
112,0.5235895529389382,0.3814045036519878
113,0.5642284671465556,0.2964411160549768
114,0.7053007980187734,0.382242132431181
115,0.6182243545850118,0.29739699671842396
116,0.49056115945180256,0.23383871254208988
117,0.3523938388874133,0.2910897279141116
118,0.48609031463662783,0.23091013722353682
119,0.5116541941960653,0.35030657214791494
120,0.4491488347450892,0.2342456373505893
121,0.5021571742991606,0.23434472685912994
122,0.4874685694773992,0.17722155752200888
123,0.4626981501777967,0.2638370720475005
124,0.40661022861798607,0.18658151051617833
125,0.44437418977419535,0.23081929624254804
126,0.5886236151059469,0.40377890918815595
127,0.6061393191417058,0.3541821770893317
128,0.5261617948611578,0.18227466497008374
129,0.6593310788273812,0.43085670555228
130,0.4056715170542399,0.24048265719930814
131,0.41492735743522646,0.26257090659956644
132,0.5481814168393612,0.5997757912567536
133,0.5532869055867196,0.2931933677862277
134,0.37193597853183746,0.14361069957637196
135,0.5755151828130086,0.2570163854513404
136,0.33511533836523694,0.1438826967788812
137,0.3595535896718502,0.2535935444839736
138,0.4355375669896603,0.37563774339061257
139,0.3925385137399038,0.16778708705088508
140,0.49930494303504624,0.28278492288038104
141,0.406311159968997,0.26655012994478383
142,0.40546438495318093,0.24739505920909666
143,0.5068348273634911,0.3264987392700669
144,0.4205978959798813,0.23030010469810852
145,0.5711032261451086,0.4569995375458423
146,0.6450372288624445,0.3902594710610645
147,0.5862149264663458,0.4560669689451585
148,0.46852442920207976,0.299506916493879
149,0.3694212223092715,0.24065867116450726
150,0.57124392837286,0.3675581665514406
151,0.43374360303084053,0.2173971954143922
152,0.46354983796676,0.337414367615802
153,0.35544312993685406,0.14279854666563252
154,0.44550198316574097,0.26404072415547997
155,0.5279822394251823,0.24509061010148978
156,0.31021414597829183,0.1010567169481216
157,0.5115503266453743,0.3830482486444017
158,0.6427019983530045,0.45385277377064454
159,0.421232429643472,0.31100022747266953
160,0.4827228769659996,0.39266145449574225
161,0.58946826060613,0.3340217924607456
162,0.5004027475913365,0.2487614729624547
163,0.6031522174676259,0.4043406724294911
164,0.4406271537144979,0.24805382115432742
165,0.5890096972386042,0.3469954976129774
166,0.5025371993581454,0.24475819840716156
167,0.4613417680064837,0.31337146045788666
168,0.5584699506560962,0.29400578862444937
169,0.6413572629292806,0.35883498558890353
170,0.4624277820189794,0.21184936393625664
171,0.3793405671914419,0.1883196991079476
172,0.5095631132523218,0.40110489611183375
173,0.40166454737385116,0.2550813183193439
174,0.39890461762746177,0.20760717212617086
175,0.6664050812522571,0.7290060737360498
176,0.6115770032008488,0.42892319344471413
177,0.4786830524603526,0.21931561935012875
178,0.4812077865004539,0.29214367089258153
179,0.40354523410399756,0.21011214284058832
180,0.40646709551413857,0.21506109562785822
181,0.5026901910702387,0.34440481228659237
182,0.36187019298473994,0.22487238000863247
183,0.5141145288944244,0.2340980538235541
184,0.5126554648081462,0.2250316576480177
185,0.604372059305509,0.29773078948831855
186,0.5167070547739665,0.2642817690985597
187,0.40417864322662356,0.2459568936928449
188,0.5864915519952774,0.3652870294800142
189,0.42649741768836974,0.22074426708224262
190,0.45011502330501874,0.3250367856867957
191,0.4384348506728808,0.2752968994663232
192,0.6895616332689921,0.4273498927131787
193,0.571359724799792,0.28851326185528325
194,0.6045433104038238,0.3491573425504591
195,0.6513284961382548,0.2431302915141123
196,0.5023608754078547,0.27817533882952744
197,0.5077325105667114,0.30467074649934595
198,0.44721260368824006,0.29333581946146636
199,0.3018271945416927,0.21524520696150903
200,0.42816624774908024,0.2923252513079279
201,0.580990711847941,0.3430943335316023
202,0.41535491148630777,0.23255535638480582
203,0.4931801751255989,0.425442320314124
204,0.563016054034233,0.3317337175079114
205,0.5886572500069936,0.37002341880050615
206,0.4679976950089137,0.37552379137910225
207,0.5301409204800923,0.2938990580076809
208,0.6011272261540095,0.3523658692720802
209,0.3955568209290504,0.23942539059406343
210,0.5162475983301799,0.32060019500867726
211,0.5175353825092316,0.236899622484333
212,0.43955320368210477,0.30489280192211937
213,0.47245274583498637,0.1903446131124998
214,0.4656279226144155,0.27201170605754116
215,0.5536844044923782,0.488302011814849
216,0.49860024051740764,0.41607998544229724
217,0.5535003085931142,0.5065253749809293
218,0.43803241004546484,0.2776156313655406
219,0.3769884486993154,0.21887335150952156
220,0.38191829274098077,0.24431216360777874
221,0.41239752707382044,0.2548148628549888
222,0.4602252629896005,0.2835666648097488
223,0.4405897955099742,0.24806545951734743
224,0.5378966445724169,0.41136853720200256
225,0.5222319722175598,0.32416622062983896
226,0.4230498194694519,0.24625595242101475
227,0.5610012376060088,0.3615583533660691
228,0.40552568485339485,0.29445792024858125
229,0.3833603415638208,0.3621358132349069
230,0.3934087187051773,0.24574260128231007
231,0.4376312190045913,0.3512296654503616
232,0.39248814259966214,0.2937673238494142
233,0.48553603887557983,0.35993918199017555
234,0.5284488027294477,0.3060956472434902
235,0.44463973517219224,0.30559949787573665
236,0.42939991851647696,0.21197785514618464
237,0.3868753304084142,0.2734109646823904
238,0.30176560673862696,0.16442279900575105
239,0.5184824526309967,0.3169387368442249
240,0.3492010141412417,0.23461119852650716
241,0.39248811403910316,0.26847809367438863
242,0.38237316130350035,0.31755937133813233
243,0.353941782998542,0.24847122834589305
244,0.44040781979759536,0.38994332943605636
245,0.5749376118183136,0.4837259890596237
246,0.36128241817156476,0.15524827291293267
247,0.38591534917553266,0.24408001905679452
248,0.4822391747186581,0.27951890181897837
249,0.3508076151212057,0.1696784669675624
250,0.36802747497955957,0.22261319160123558
251,0.3304998533800244,0.2490128383209909
252,0.39419643382231395,0.26959483129497913
253,0.36479130933682125,0.23998803030850333
254,0.41561342477798463,0.21583718591953324
255,0.39774428904056547,0.26829851247992803
256,0.3808493122458458,0.2526545264990457
257,0.39512245655059813,0.2741066349306088
258,0.37529036005338035,0.2076055412691896
259,0.41079436987638474,0.3406593804777885
260,0.2414077748854955,0.17588856490591454
261,0.452757927775383,0.32059801302868257
262,0.339223675057292,0.242706832915291
263,0.27384333362181984,0.15450021947204634
264,0.5155790222187837,0.3056414748425553
265,0.5215498328208923,0.3405276855400467
266,0.34153464635213215,0.1519254367482183
267,0.5170377726356189,0.39811262008409865
268,0.4440108375002941,0.26004862751996743
269,0.44098781049251556,0.27884957712496117
270,0.41537347696721555,0.20911407971676882
271,0.5546472936868667,0.29519077505377367
272,0.3572193531940381,0.29593410286434285
273,0.3373283214867115,0.19783076212635092
274,0.3053687835733096,0.16710865353113458
275,0.3859106128414472,0.21485484867582264
276,0.3745500930895408,0.25860036508796813
277,0.35957234501838686,0.18638842725904872
278,0.3148614247639974,0.2609045237155112
279,0.4128342057267825,0.24420239839881425
280,0.43005751570065814,0.2574969998760046
281,0.3383611743648847,0.26318157316796736
282,0.32384593561291697,0.3071209894510714
283,0.39968696162104606,0.20499446469499924
284,0.47133162220319114,0.29816948968997087
285,0.40914336691300074,0.27897534738538476
286,0.3679893363267183,0.31849667097064144
287,0.34584872871637345,0.24929130358532664
288,0.3826279705390334,0.2789603004889594
289,0.33697479516267775,0.20506595083162918
290,0.2599511849383513,0.21616188722635304
291,0.34815816789244614,0.3496301983442152
292,0.4251589737832546,0.5871417961583777
293,0.4229284018278122,0.19225041614552085
294,0.23447828516364097,0.15675944165026195
295,0.350633501385649,0.4370339101265015
296,0.2814270634204149,0.222149017900382
297,0.40161312818527223,0.2965733209038428
298,0.5598445177078247,0.5169311095503322
299,0.43120394051074984,0.21988957657815436
300,0.29412740021944045,0.14089960035669877
301,0.380254901945591,0.22426033792273498
302,0.3925842114413778,0.37798508380112533
303,0.22647435640295346,0.15233173174402767
304,0.43860016067822777,0.3413375068729267
305,0.3515185600767533,0.23491668963421808
306,0.37627916236718495,0.200970003806658
307,0.36655554523070655,0.3497833051705622
308,0.44682002688447636,0.31766535297024706
309,0.37375526304046314,0.20876385708206407
310,0.5063555260499318,0.24331016856831353
311,0.33829859097798665,0.25833951226648105
312,0.39603648136059444,0.30281805518131
313,0.27313001329700154,0.18616586511422517
314,0.3104966210822264,0.19294018704044105
315,0.3818174758926034,0.388653532047639
316,0.3642598231633504,0.24583217771502386
317,0.38955237219731015,0.2552949711489802
318,0.23528098836541175,0.16755230754629377
319,0.251831466704607,0.1820599821571475
320,0.2627628010697663,0.21149205789890485
321,0.43521139249205587,0.23554155082095937
322,0.4292302255829175,0.23342869170348912
323,0.3855459863940875,0.2620034612595687
324,0.4875935554504395,0.4074418921525723
325,0.4197055565814177,0.2313689701754438
326,0.5796965589125951,0.3358039327827989
327,0.3290007382631302,0.3603100974836458
328,0.295845594505469,0.18449676570529439
329,0.31187183981140454,0.2043665985987442
330,0.3389328176776568,0.19323054559401967
331,0.26736614406108855,0.15749630678228702
332,0.2947790081302325,0.19343638326029006
333,0.26936727106804026,0.17622373999691024
334,0.3670683287084103,0.3087357214935047
335,0.36334377316137156,0.23115385971801253
336,0.39605909734964373,0.30150113184433813
337,0.25197818502783775,0.21378204486648847
338,0.369023859500885,0.2186192935307723
339,0.32191155267258487,0.31039933649348084
340,0.19179107670982679,0.12893274291142642
341,0.3232569525639216,0.16438974430358852
342,0.4497328266501427,0.35823115602048106
343,0.37734911156197387,0.23303993113402421
344,0.3590885020792484,0.31244684642009785
345,0.5137663424015045,0.46088457191263443
346,0.3778406058748563,0.25723750129475625
347,0.3523944270486633,0.2459359077366161
348,0.39962997858723004,0.23562184508366776
349,0.3108451679348946,0.23025543472878085
350,0.364989655961593,0.3467330601758612
351,0.45232366720835365,0.3118680726815604
352,0.24757539369165898,0.18345929571538394
353,0.3078889649982254,0.2647590526649349
354,0.308265936623017,0.3389496661289552
355,0.472911428908507,0.3462741274358982
356,0.3790660433471203,0.2839350937880468
357,0.3049917476872603,0.23031135148509385
358,0.4358331635594368,0.33461738191641877
359,0.2996839594095945,0.20101102782135333
360,0.386540986597538,0.26614007043766624
361,0.34591793939471244,0.23922176441446025
362,0.39866471389929453,0.3101417211259276
363,0.2894701739152273,0.1713292934808294
364,0.27247056290507315,0.2072380548891558
365,0.32099481333668034,0.21309844294353197
366,0.1455425005638972,0.12433531254232005
367,0.28661516078282145,0.31029548144423613
368,0.3772429751853148,0.3191000301554258
369,0.37826815731823443,0.2785226576292109
370,0.2599830978860458,0.19326844368978546
371,0.24791729350884756,0.16963188477086108
372,0.2831702200074991,0.1973579425731108
373,0.4404842639962832,0.6662879618310437
374,0.3629487656056881,0.27305040423520005
375,0.3077936848004659,0.1935041173603947
376,0.427631476521492,0.374530118965305
377,0.35103867029150326,0.36143246152197944
378,0.281865847359101,0.243583172016331
379,0.40086923067768415,0.2690229164610331
380,0.316836303503563,0.2181974218621477
381,0.3218496612273157,0.27849631512013245
382,0.25844987481832504,0.2311236813134593
383,0.24117903038859367,0.2208080791210662
384,0.24252244321008523,0.14181617233232494
385,0.2737424459308386,0.22152450112000424
386,0.2897685262064139,0.2266193880757236
387,0.20355295427143574,0.16221341855018478
388,0.24116184117738157,0.2661430129128811
389,0.31497272898753487,0.28864059511479406
390,0.3631953498969475,0.3675069166256414
391,0.3689031682908535,0.27817471952610207
392,0.2745583333075047,0.2396978087562108
393,0.20643779188394545,0.17089703082518992
394,0.3218701351899654,0.2964806004759073
395,0.23455829047597945,0.19279842891685836
396,0.2438642303769787,0.24272526982193918
397,0.312478999234736,0.38935883575882174
398,0.19533455030371746,0.1423976792160876
399,0.2185440314312776,0.1727364955514534
400,0.2542213516465078,0.2732452576738746
401,0.47645956041912235,0.26055214964572904
402,0.33479212805007896,0.30529472405302704
403,0.2494139718512694,0.21804596849295893
404,0.32060190017024676,0.17993845268140793
405,0.24836552826066813,0.23869739483562066
406,0.2905900767693917,0.29468394561435685
407,0.3360683328782519,0.2834773659809159
408,0.3136230574299892,0.20062410806090009
409,0.3359835285693407,0.22452354252220483
410,0.2602956330558906,0.1956024439407216
411,0.28335885821531215,0.24334638367765163
412,0.4757216405899574,0.5877169059363714
413,0.3673043878128131,0.2678936510764888
414,0.31669707347949344,0.1944283293642905
415,0.3015911807616552,0.24802752046504128
416,0.21990063513318697,0.09713519281962305
0,0.4620949869354566,0.3377817400720876
1,0.5529913927117983,0.3773669660473849
2,0.5410461276769638,0.3157232282378926
3,0.610399498231709,0.29787188345089427
4,0.388332674652338,0.2964274702216725
5,0.5466064095497132,0.22932886534028546
6,0.6171492646137874,0.2492098779940381
7,0.449479341506958,0.28846250463406803
8,0.5344096424678961,0.390801347548768
9,0.6736715734004974,0.3395691459527731
10,0.3872957156971097,0.21128312514799602
11,0.35432124252741537,0.2732591110656022
12,0.46223176817099254,0.3196944683973983
13,0.5223781382044156,0.236526899775253
14,0.5764028459787369,0.3137275742795172
15,0.5658561035990715,0.39245210514761797
16,0.5413704509536426,0.45178721861582655
17,0.6295660033822059,0.553450982650019
18,0.6846476336320241,0.31590972999773775
19,0.5787102018793424,0.3496767577140496
20,0.5160770783821742,0.3100983701880197
21,0.5492053359746933,0.4578558206280796
22,0.49260112941265105,0.34620027216486265
23,0.34693222468098006,0.20552111615005403
24,0.4483688523372014,0.22956878551638552
25,0.3117830282120849,0.16096597641098126
26,0.47570588750143844,0.2490515863146853
27,0.3277905970811844,0.20267588911948678
28,0.22777314395643772,0.18284520781975291
29,0.3630667475362619,0.25392829786005905
30,0.35990885545810064,0.14968442355337064
31,0.30147929129501183,0.2277277393045611
32,0.4985037644704183,0.33486038614808505
33,0.3696970835948984,0.25525822831329664
34,0.409935196240743,0.3034835410606526
35,0.421575216576457,0.4267082965634159
36,0.41997572779655457,0.32879829291100066
37,0.33638135840495426,0.2399802054095632
38,0.45775397469600043,0.22936381352107
39,0.3954115221897761,0.32916639334114395
40,0.5377055327097575,0.20751632720174862
41,0.4747346006333828,0.36914073750494114
42,0.34187667022148766,0.20207438949616358
43,0.44245811800162,0.28409794556211254
44,0.4997122292717298,0.6454117925253641
45,0.4209151645501455,0.2908178368137318
46,0.33437324222177267,0.27576382027172025
47,0.36636414726575217,0.21356723378185036
48,0.45229181249936423,0.46386153195831825
49,0.3897570510705312,0.28453546753788894
50,0.5437623868385951,0.3366508579453677
51,0.4546473453442256,0.2589146648105125
52,0.35338881093387803,0.36367295952221873
53,0.4828424413998922,0.3513767554559959
54,0.3547425518433253,0.1931107032715541
55,0.5032333532969157,0.32347895035200025
56,0.4491609891255697,0.2736515203006297
57,0.4279666796326637,0.2264181684942452
58,0.216490456306686,0.12186303455991561
59,0.3815855734050274,0.29871318691401144
60,0.28388309640189013,0.1201924080138144
61,0.36113784145563843,0.27727887596072315
62,0.33760548532009127,0.18250328705929766
63,0.40300660928090415,0.3884004446638805
64,0.3594696936352799,0.27660237970060886
65,0.6212176889181137,0.3464343558461528
66,0.438095421778659,0.2214889592520608
67,0.3731238660713037,0.2812336230084868
68,0.35818135663866996,0.31044874802092
69,0.24637689267595608,0.1929448587534616
70,0.41552400377889476,0.3662610113772962
71,0.35728245303034784,0.26954584788219693
72,0.41444819296399754,0.3315066792603253
73,0.5815151954690615,0.38202693369828655
74,0.37842449167122444,0.3494162645799898
75,0.259603768090407,0.17262109845100812
76,0.23877458261946838,0.2108820743584555
77,0.35629956672588986,0.28330583764628275
78,0.24176064065347116,0.19548010044404238
79,0.4323390334844589,0.2624622866878196
80,0.4186345602075259,0.3147576755539589
81,0.3480469757070144,0.27889979338431686
82,0.38306807142992816,0.2976075377049076
83,0.3166737532864014,0.2198438619009836
84,0.6036552379528681,0.3609485795134316
85,0.4651478713999192,0.24731538132619338
86,0.37080035420755547,0.24219979823982862
87,0.3515764119103551,0.29661426022802434
88,0.3709719985723495,0.3458553460567326
89,0.43187079081932706,0.2154359411933768
90,0.3875472739338875,0.39345079426720786
91,0.4465837647517522,0.2854799756339522
92,0.21060525911549727,0.13350272033543528
93,0.42027887602647146,0.3203206905303445
94,0.4439886992176374,0.36812676929447297
95,0.388875970741113,0.25492608352598156
96,0.35592019160588584,0.4462979786648309
97,0.33027075479427975,0.22498164699393763
98,0.33546620545287925,0.401152581845122
99,0.22325012423098087,0.20598775155682303
100,0.4653887152671814,0.21405282179309024
101,0.29257095586508514,0.2572408773947293
102,0.39745736233890055,0.39817106464161994
103,0.5806913976867993,0.6676322071587638
104,0.3471903140346209,0.2668067428217034
105,0.34925636364302287,0.24263695551816403
106,0.382383090009292,0.29215329058010964
107,0.3249005684008201,0.25412306910108584
108,0.2785185900827249,0.20244813007673096
109,0.1878363760188222,0.18750129789740116
110,0.3981665611887972,0.5838559035687139
111,0.4316476533810298,0.2336929848147142
112,0.25671113034089404,0.3130690336320567
113,0.5086426264140755,0.4618411414102603
114,0.5199388454357783,0.2161096861210035
115,0.5545828958352407,0.44171302768317594
116,0.27984828321884075,0.19551649999291248
117,0.29624736607074736,0.29083197642568437
118,0.3724238336086273,0.2297432956785992
119,0.37860587586959205,0.25419021921564106
120,0.4434104532003403,0.319531693017821
121,0.3756388783454895,0.26459534464962736
122,0.3371745447938641,0.2738914905778718
123,0.2618647667734573,0.28370977476381476
124,0.25972583120067916,0.2647991286485968
125,0.3565583869814873,0.21918508522911975
126,0.3028056892255942,0.23243838609286271
127,0.36422540582716467,0.3299206211869791
128,0.34792008996009827,0.2117580653273986
129,0.3307784527540207,0.24732064044980231
130,0.2849112824847301,0.22251450969265854
131,0.38312110205491384,0.3392179457419105
132,0.3328610584139824,0.288033801929807
133,0.2901404137412707,0.2465202750492514
134,0.3032416768372059,0.31776702926540684
135,0.3671437710523605,0.22403340594000465
136,0.3335169030974309,0.28484225780546113
137,0.3101352284351985,0.26270402085747885
138,0.2618106004161139,0.2394186853799412
139,0.3272852050761382,0.2115629625778467
140,0.37163944318890574,0.19474293066340992
141,0.3657196692967167,0.3463350933368561
142,0.3622596445182959,0.20282709340353033
143,0.43128425950805344,0.4311872412057543
144,0.17732923980802298,0.137518714438309
145,0.23766598782191675,0.2520931802974942
146,0.18014170229434967,0.15196057194521156
147,0.24308573467036088,0.21065658091959108
148,0.2697046119719744,0.22664736228367358
149,0.34322563707828524,0.34256088039731303
150,0.4869593781729539,0.37238265670155396
151,0.2863630806406339,0.14923407379645
152,0.3008626388909761,0.21649943423495677
153,0.3078931828339895,0.19524435802960582
154,0.28103318586945536,0.21073101894188803
155,0.41547924958479904,0.3941531898866799
156,0.3307580858469009,0.21554020174367913
157,0.36679330345553657,0.2727605833790295
158,0.38115884313980736,0.23594699938655103
159,0.4512062589327494,0.3730839223091947
160,0.47288690209388734,0.2916867581139277
161,0.35677965556581814,0.2485408027632938
162,0.39560812671358386,0.3444016030010106
163,0.4509077250957489,0.3240368053954964
164,0.32105492750803627,0.22838014550820307
165,0.41246130019426347,0.2750637373837596
166,0.40715051293373106,0.36069760894069897
167,0.26425807165602844,0.2566338223644442
168,0.2593344771924118,0.1946781159936053
169,0.2560789988647836,0.19499934804280636
170,0.38250395309490465,0.43005948446520803
171,0.2711707060225308,0.17469210839865973
172,0.4704492042462031,0.3575979922446591
173,0.28559156760262944,0.24693932921221665
174,0.3012622479349375,0.4185354454910139
175,0.33551604946454366,0.412123796159168
176,0.6330067574977875,0.4097764938495913
177,0.3921193276842435,0.24801312553188898
178,0.45770380763957896,0.41854778051102937
179,0.26420162493983906,0.19798847392632946
180,0.5174980158607165,0.49091155817167337
181,0.4202430558701356,0.21800999288044426
182,0.4605310392876466,0.3013203525767463
183,0.4154765821993351,0.21110328045904106
184,0.3852778305610021,0.33931228310112543
185,0.4094168469309807,0.19214168723958913
186,0.34881322843333085,0.28503876126033517
187,0.364054923504591,0.25222543821976084
188,0.519629696259896,0.6159468349927312
189,0.47120280340313914,0.2885781555277928
190,0.41372863699992496,0.24171901188938233
191,0.36057749573762216,0.32715787602255747
192,0.5947935404876868,0.4802526323160618
193,0.49382039830088614,0.36392937342239495
194,0.4228842225857079,0.31014403651728534
195,0.5744761670629184,0.30455675893721024
196,0.3320101002852122,0.15418324148646398
197,0.40640309477845826,0.2989415422720793
198,0.41124069144328435,0.4365215243735496
199,0.31788475836316743,0.22552079423048055
200,0.3029793913165728,0.24223190580726237
201,0.4065929484864076,0.41700799417929363
202,0.30424901147683464,0.20384407373326222
203,0.3172090224921703,0.39392147716162546
204,0.3169832818210125,0.31377607919026185
205,0.41814066680769124,0.34998537984649736
206,0.48810827881097796,0.43346632191324647
207,0.5274899865190188,0.31145033830439894
208,0.35956176184117794,0.3940293834592782
209,0.5352476907273134,0.3292792850130556
210,0.37538456097245215,0.33498397446074474
211,0.4989179352919261,0.26934865418919557
212,0.4383320972323418,0.35008461369817834
213,0.40096535881360373,0.39195055679341995
214,0.2992272910041114,0.17248983569621745
215,0.6318264658252398,0.49962882509153456
216,0.41558185492952665,0.22934439886808844
217,0.28623238001018764,0.23421178934912165
218,0.36839343632260957,0.33933032752510894
219,0.4083695140356819,0.2619739039492576
220,0.37450469881296156,0.1518024055528049
221,0.2974934866962334,0.20338642473566304
222,0.45691781789064406,0.2840785006529511
223,0.34560102224349976,0.2724304066238182
224,0.32541809579900777,0.20693040189737597
225,0.3282701482375463,0.30680373086980417
226,0.22164151451239983,0.14491904248243284
227,0.4769227487035096,0.4458630119847007
228,0.3121532206734022,0.26000349218236424
229,0.2528534489994248,0.29606649508457067
230,0.3039905770371358,0.2075558103403226
231,0.3888236971882482,0.2999939168552348
232,0.24543096845348675,0.20217802711508873
233,0.37270780292650063,0.4060356914863855
234,0.41509326696395876,0.47893730576140203
235,0.3174371860921383,0.21925231018101596
236,0.43037790556748706,0.3642497342478231
237,0.28180183296402295,0.2554624910184792
238,0.3536913146575292,0.20347909031636133
239,0.46689158007502557,0.25145295572440823
240,0.25651990473270414,0.20285151961581843
241,0.4325019436577956,0.31296138934540024
242,0.2745307703812917,0.23043869446719112
243,0.36968738039334614,0.3964256651514047
244,0.2471696193019549,0.1576086537722272
245,0.37038667149220905,0.1910772476664939
246,0.3727132074534893,0.2806744264148425
247,0.37891702465713023,0.31474754690144446
248,0.3054415808369716,0.26538731895234935
249,0.38044719137251376,0.2344305208330777
250,0.3325173025795569,0.2716284006375532
251,0.483885732293129,0.32073266568387837
252,0.38346808180212977,0.37321736545330764
253,0.24717628099024297,0.18046384351615896
254,0.37274227738380433,0.2730307932811725
255,0.27946870947877567,0.2547241289330644
256,0.3801550383369128,0.24416060222375416
257,0.44914406140645347,0.3793136704522617
258,0.4019477074344953,0.2390600056624135
259,0.3233417100583514,0.24909746446030792
260,0.20296823543806872,0.22397954281788002
